order_id,order_date_str,signup_date_str,delivery_date_str,order_amount
1,2024-05-10 08:23:00,2023-05-19,2024-05-11,363.26668936124213
2,2024-11-10 22:04:00,2023-09-30,2024-11-17,15.916838777804385
3,2022-05-02 13:57:00,2020-07-04,2022-05-05,271.8593468990512
4,2023-04-12 19:35:00,2022-04-05,2023-04-20,108.39802215039175
5,2022-11-27 16:51:00,2022-11-20,2022-11-30,115.04260788580206
6,2022-03-29 20:18:00,2021-11-28,2022-03-30,113.90236144347156
7,2024-05-21 12:50:00,2023-06-09,2024-05-29,42.6015966847652
8,2022-05-11 16:57:00,2020-07-05,2022-05-14,328.3773227876226
9,2024-02-09 10:04:00,2023-11-12,2024-02-11,353.29173928260883
10,2022-12-10 13:09:00,2021-03-03,2022-12-11,117.79704125361378
11,2024-03-16 11:46:00,2022-04-19,2024-03-19,183.57694453975486
12,2023-01-21 21:27:00,2022-03-12,2023-01-23,113.68980870909208
13,2024-08-13 22:30:00,2024-02-18,2024-08-15,79.49051964121882
14,2022-10-04 13:39:00,2021-04-13,2022-10-10,129.74696254165102
15,2023-04-05 14:01:00,2023-02-24,2023-04-06,96.62399208243454
16,2022-01-22 20:49:00,2020-02-19,2022-01-24,109.20002583662901
17,2022-09-10 08:48:00,2021-04-27,2022-09-16,183.8042347162811
18,2024-01-18 09:03:00,2023-08-27,2024-01-21,78.67993405464381
19,2024-05-06 19:40:00,2023-10-19,2024-05-10,4.992939646566614
20,2023-04-20 14:24:00,2021-04-27,2023-04-21,21.49512540860015
21,2024-12-18 15:20:00,2023-09-15,2024-12-26,69.28013635071656
22,2023-05-26 09:11:00,2021-11-15,2023-06-02,154.84244265008655
23,2023-12-01 13:01:00,2022-06-03,2023-12-08,107.95523611139947
24,2024-09-02 18:52:00,2023-12-25,2024-09-05,126.07956108119927
25,2022-07-09 21:31:00,2021-06-15,2022-07-12,78.30489025666367
26,2024-08-15 07:10:00,2022-12-31,2024-08-17,114.77293609251161
27,2023-11-18 15:14:00,2023-03-08,2023-11-19,47.88145561793147
28,2024-08-15 22:39:00,2022-09-07,2024-08-22,76.2267415580089
29,2023-07-17 14:24:00,2022-04-24,2023-07-24,163.64022348888022
30,2024-04-11 13:58:00,2024-04-02,2024-04-13,246.5303344087986
31,2023-10-09 19:57:00,2023-02-10,2023-10-16,68.22629226084626
32,2022-01-21 17:31:00,2021-05-16,2022-01-29,5.357221681399457
33,2024-04-20 19:48:00,2024-04-16,2024-04-21,21.161579526201926
34,2022-06-16 08:57:00,2022-02-18,2022-06-25,2.5298168610465446
35,2023-01-23 12:48:00,2022-01-15,2023-01-30,127.10265203505452
36,2023-08-24 17:40:00,2023-06-21,2023-08-27,48.4725854927459
37,2022-11-12 20:17:00,2022-06-20,2022-11-20,93.8318036970851
38,2022-01-14 18:20:00,2021-06-05,2022-01-21,81.57485680958078
39,2022-08-30 13:45:00,2022-01-04,2022-09-07,10.205065770764069
40,2024-02-16 13:45:00,2023-08-24,2024-02-22,61.95312627301277
41,2023-07-19 12:22:00,2022-10-11,2023-07-28,29.901721093244987
42,2024-06-16 17:31:00,2024-04-15,2024-06-21,65.03663872789922
43,2022-04-02 16:21:00,2021-08-29,2022-04-05,27.31517218397311
44,2024-08-13 16:24:00,2022-09-25,2024-08-16,220.24956096235
45,2023-05-24 18:17:00,2022-02-18,2023-05-25,22.967351581486966
46,2024-02-15 07:28:00,2022-06-16,2024-02-23,388.6299023620752
47,2022-02-04 20:51:00,2021-10-23,2022-02-06,64.52348269455211
48,2022-07-25 20:50:00,2022-04-18,2022-07-28,224.6876102100012
49,2024-10-22 17:12:00,2023-05-31,2024-10-30,118.91034048255301
50,2024-10-18 16:36:00,2023-09-30,2024-10-26,159.52178510518394
51,2023-07-20 06:55:00,2022-06-11,2023-07-24,175.1794172790036
52,2023-12-04 08:53:00,2022-07-05,2023-12-08,84.34610347085368
53,2023-02-06 12:43:00,2021-10-19,2023-02-11,94.04756457110275
54,2023-12-31 20:24:00,2022-01-22,2024-01-06,86.58457831999269
55,2022-06-11 10:46:00,2020-09-05,2022-06-16,106.42483608787269
56,2022-07-21 13:41:00,2021-05-11,2022-07-28,3.580214345142776
57,2024-09-22 21:07:00,2024-08-31,2024-09-24,60.40544449348045
58,2022-09-27 06:43:00,2021-03-12,2022-10-04,111.8260143426709
59,2024-03-26 10:02:00,2022-05-20,2024-04-02,109.27389336814105
60,2023-04-01 06:03:00,2021-04-18,2023-04-02,188.97892858236807
61,2024-10-13 13:34:00,2023-07-14,2024-10-20,127.70855176748722
62,2022-10-23 15:33:00,2022-08-02,2022-10-28,581.4142434644393
63,2023-12-21 16:24:00,2023-07-30,2023-12-24,40.064635238868036
64,2022-12-04 15:20:00,2022-09-11,2022-12-07,53.39537586325884
65,2024-05-28 19:38:00,2024-03-12,2024-06-01,58.111225937165884
66,2024-12-12 07:40:00,2023-09-13,2024-12-14,75.24107433582545
67,2024-03-02 21:12:00,2024-03-02,2024-03-04,216.94524540185927
68,2022-08-05 14:51:00,2022-06-16,2022-08-06,32.269847821220615
69,2024-02-03 09:21:00,2022-03-21,2024-02-08,179.53321816714015
70,2022-07-07 15:25:00,2020-07-21,2022-07-11,62.36583905753862
71,2023-01-15 17:16:00,2021-10-27,2023-01-17,110.51279784755435
72,2023-05-08 19:13:00,2022-02-14,2023-05-11,120.13707130865767
73,2024-11-30 07:52:00,2023-08-01,2024-12-07,55.988083138956824
74,2022-01-15 16:15:00,2021-12-13,2022-01-22,86.24416018112444
75,2022-03-06 11:55:00,2021-03-24,2022-03-10,63.93402827917542
76,2023-06-05 10:57:00,2023-03-03,2023-06-10,8.596636723233498
77,2023-10-10 09:46:00,2023-07-31,2023-10-15,68.9723348927481
78,2024-12-22 09:19:00,2023-06-21,2024-12-28,12.296216538823149
79,2023-08-16 15:23:00,2023-03-16,2023-08-25,62.307459658201545
80,2023-01-27 08:25:00,2022-05-23,2023-01-29,107.84899461858431
81,2023-02-23 10:37:00,2021-04-21,2023-02-28,103.93301284351449
82,2022-10-16 13:38:00,2021-08-05,2022-10-19,130.38590141512225
83,2023-01-14 15:37:00,2022-09-19,2023-01-18,12.013120332577367
84,2022-08-19 19:03:00,2021-10-18,2022-08-25,126.70884189096428
85,2024-10-14 18:19:00,2024-01-21,2024-10-22,44.901799547285954
86,2022-02-10 22:54:00,2021-12-19,2022-02-11,61.10841562184712
87,2024-11-17 12:03:00,2024-03-27,2024-11-25,234.21977072457508
88,2022-05-15 19:02:00,2021-04-22,2022-05-22,1.0885710449537058
89,2022-07-20 10:15:00,2021-06-15,2022-07-21,106.52807624887568
90,2024-02-19 09:55:00,2022-06-06,2024-02-21,109.56970072152134
91,2024-07-18 07:29:00,2023-09-20,2024-07-21,60.632882763666295
92,2024-11-22 22:45:00,2024-04-30,2024-11-23,32.46405100029508
93,2024-12-07 18:11:00,2024-04-23,2024-12-16,32.094413055843056
94,2023-05-18 11:52:00,2021-10-18,2023-05-26,258.1998440436856
95,2023-02-11 09:18:00,2022-11-29,2023-02-13,70.01279978031504
96,2024-03-15 21:44:00,2023-01-06,2024-03-24,48.21670269951929
97,2022-04-09 09:29:00,2021-12-28,2022-04-16,71.47402488335811
98,2023-11-15 22:54:00,2022-09-20,2023-11-24,132.81804723821296
99,2023-12-27 06:17:00,2022-01-23,2024-01-02,18.904689230226122
100,2024-08-18 22:58:00,2023-10-18,2024-08-24,71.61697676330996
101,2023-09-05 20:10:00,2023-05-31,2023-09-09,106.37415796362062
102,2023-10-05 18:32:00,2022-11-05,2023-10-07,356.1351988043065
103,2024-10-25 22:05:00,2023-08-18,2024-11-01,34.926976927688656
104,2023-05-18 09:19:00,2022-02-26,2023-05-23,53.41404971878787
105,2024-02-06 21:46:00,2023-04-05,2024-02-12,57.2402163983583
106,2023-02-02 20:05:00,2022-05-30,2023-02-04,111.62794409309117
107,2024-05-20 20:13:00,2023-12-07,2024-05-25,52.943271331972035
108,2024-03-05 16:38:00,2022-11-11,2024-03-09,91.50273868378623
109,2023-01-28 14:25:00,2022-02-28,2023-02-06,182.6758666457655
110,2022-07-26 21:04:00,2021-01-31,2022-08-01,146.65054515916393
111,2024-11-04 15:49:00,2024-07-22,2024-11-06,70.95074887771605
112,2024-06-10 08:12:00,2022-11-26,2024-06-11,239.6029439555629
113,2024-05-13 16:48:00,2024-02-23,2024-05-18,98.01153048363963
114,2024-01-13 18:05:00,2023-09-03,2024-01-22,93.15889364546324
115,2023-07-18 22:58:00,2023-03-03,2023-07-24,4.174300600925121
116,2024-10-17 18:50:00,2024-04-17,2024-10-24,518.3356308352063
117,2022-04-06 15:34:00,2021-03-02,2022-04-11,15.745800187781994
118,2023-04-30 19:25:00,2022-06-05,2023-05-06,31.540147343472395
119,2022-08-19 10:28:00,2021-03-30,2022-08-24,6.369724309240939
120,2024-01-19 10:19:00,2023-11-12,2024-01-28,122.59913865355075
121,2023-06-25 22:20:00,2021-12-27,2023-07-01,30.540809501418636
122,2024-11-25 15:04:00,2024-10-04,2024-12-03,23.815640091614455
123,2023-06-09 09:05:00,2022-03-17,2023-06-11,11.126960132235968
124,2023-08-01 09:38:00,2023-01-09,2023-08-10,13.085269207239113
125,2023-11-13 12:49:00,2023-07-11,2023-11-18,105.44202965892909
126,2023-07-11 08:00:00,2023-05-30,2023-07-18,139.85022599506698
127,2024-10-09 09:05:00,2024-06-21,2024-10-10,60.77601417156603
128,2023-10-08 14:53:00,2021-12-15,2023-10-13,78.4474280370003
129,2024-03-06 19:43:00,2023-09-06,2024-03-08,138.99114560471102
130,2024-11-17 09:20:00,2024-08-15,2024-11-23,2.1039110120080453
131,2022-07-09 17:41:00,2021-07-01,2022-07-10,46.83324226692331
132,2023-09-25 12:34:00,2022-04-24,2023-09-28,433.8654337225472
133,2023-09-20 19:55:00,2022-09-26,2023-09-25,104.13213803679191
134,2024-08-30 15:15:00,2022-10-05,2024-09-03,35.19969234487798
135,2023-12-11 21:53:00,2023-03-06,2023-12-14,88.50959398969711
136,2023-10-11 15:24:00,2023-03-31,2023-10-16,50.34527810292494
137,2022-11-14 18:05:00,2022-05-04,2022-11-22,91.17727206315173
138,2023-11-15 17:08:00,2022-01-18,2023-11-19,16.125503276554262
139,2023-10-26 18:35:00,2023-07-26,2023-10-27,17.086468480856226
140,2023-03-18 16:19:00,2021-05-16,2023-03-25,18.594050629802357
141,2023-07-18 16:56:00,2023-05-19,2023-07-26,337.2494100327341
142,2024-08-09 09:49:00,2022-11-15,2024-08-12,158.41537310821406
143,2023-11-30 06:26:00,2023-10-11,2023-12-06,21.263160471211542
144,2022-04-23 12:05:00,2021-03-17,2022-04-25,25.04219248462312
145,2022-01-02 20:17:00,2021-12-29,2022-01-09,157.48922133733637
146,2023-10-04 16:19:00,2022-06-26,2023-10-12,20.375631855877682
147,2022-08-08 20:47:00,2020-12-13,2022-08-14,32.07673641160059
148,2024-05-04 12:20:00,2022-06-23,2024-05-10,396.7506524972771
149,2023-01-20 15:25:00,2021-08-05,2023-01-25,35.37391054281632
150,2024-12-12 17:55:00,2023-11-04,2024-12-20,130.03467046120014
151,2023-12-31 19:56:00,2022-08-06,2024-01-01,461.4992945786854
152,2022-09-04 10:57:00,2020-11-29,2022-09-08,56.26549070419675
153,2024-04-15 10:02:00,2023-08-27,2024-04-19,2.120545326929822
154,2022-07-22 10:23:00,2021-02-14,2022-07-25,33.58905004622227
155,2022-05-03 22:18:00,2021-05-23,2022-05-06,213.25561794126742
156,2023-02-05 17:56:00,2022-12-22,2023-02-09,239.9504614553573
157,2024-02-06 14:32:00,2022-08-10,2024-02-07,175.59108684065706
158,2022-10-21 09:41:00,2022-08-05,2022-10-23,14.404093667285458
159,2022-10-07 12:21:00,2020-10-08,2022-10-16,190.4685626552728
160,2024-06-02 06:16:00,2024-03-22,2024-06-04,301.12034400028983
161,2022-07-17 07:27:00,2021-11-11,2022-07-22,110.13789005876899
162,2024-09-08 16:40:00,2024-07-24,2024-09-17,339.3728950857179
163,2024-01-22 12:21:00,2023-09-24,2024-01-31,210.4239371830538
164,2022-05-24 22:16:00,2021-10-23,2022-06-01,131.94327097172703
165,2023-09-01 07:05:00,2023-01-06,2023-09-02,103.298532923443
166,2022-07-06 19:05:00,2022-05-12,2022-07-07,51.4309154508696
167,2023-04-09 07:00:00,2022-04-25,2023-04-18,20.820656070914442
168,2023-10-22 15:20:00,2023-07-08,2023-10-30,111.45034433614923
169,2024-02-03 10:01:00,2023-12-18,2024-02-12,45.94670434469414
170,2024-08-12 21:56:00,2023-01-18,2024-08-19,241.58333848487757
171,2023-02-07 07:09:00,2022-03-08,2023-02-10,601.3411252883336
172,2022-05-27 07:15:00,2022-05-02,2022-05-30,167.52634456064715
173,2024-05-13 21:50:00,2023-08-31,2024-05-15,11.38081861188013
174,2023-05-04 12:21:00,2023-04-27,2023-05-09,40.87688958501853
175,2024-07-17 17:23:00,2022-11-01,2024-07-20,13.864068310792538
176,2023-07-05 20:39:00,2022-10-26,2023-07-11,126.15420538542635
177,2022-12-04 11:58:00,2021-01-12,2022-12-06,173.87787413300768
178,2024-05-21 15:34:00,2022-06-03,2024-05-24,311.9166761637719
179,2023-10-03 22:31:00,2022-12-05,2023-10-08,69.18721708003753
180,2023-04-18 12:20:00,2021-07-19,2023-04-19,277.9724503543073
181,2022-05-31 09:45:00,2022-04-06,2022-06-01,252.34109915554092
182,2022-09-20 20:55:00,2020-09-25,2022-09-29,45.78564180447543
183,2022-05-24 13:20:00,2020-12-15,2022-05-31,243.81595916404567
184,2022-12-12 20:21:00,2021-08-26,2022-12-13,56.52957733590569
185,2023-09-16 19:26:00,2023-08-20,2023-09-24,42.26549409298851
186,2024-10-13 14:39:00,2024-07-28,2024-10-16,125.66181375104601
187,2024-05-30 22:01:00,2023-10-28,2024-06-07,47.767728340423766
188,2022-01-02 08:07:00,2020-12-13,2022-01-07,119.37799406751463
189,2024-06-15 17:32:00,2023-06-17,2024-06-16,112.94128378508088
190,2022-09-11 15:51:00,2020-11-15,2022-09-18,99.4592398863686
191,2023-03-29 08:05:00,2021-10-20,2023-04-03,57.445556697943886
192,2024-11-26 12:51:00,2022-12-29,2024-12-02,95.42151475536048
193,2024-10-11 16:18:00,2023-12-05,2024-10-17,108.9051353234658
194,2022-01-09 10:50:00,2022-01-03,2022-01-17,94.67623748860863
195,2024-03-26 16:55:00,2024-03-24,2024-04-04,70.52900170392944
196,2022-07-27 17:09:00,2020-11-12,2022-07-29,1.7730818127146826
197,2023-02-08 13:23:00,2022-02-11,2023-02-17,106.13485326052374
198,2022-06-01 14:35:00,2021-01-10,2022-06-10,22.13485171322064
199,2022-02-23 10:20:00,2021-05-26,2022-03-02,123.45989279773144
200,2023-09-20 13:54:00,2022-05-03,2023-09-21,170.92657364291833
201,2023-08-10 14:46:00,2023-07-27,2023-08-17,83.28458347890111
202,2022-04-14 20:47:00,2021-10-05,2022-04-19,93.80165263385607
203,2022-09-11 19:39:00,2020-12-20,2022-09-17,363.08994119758177
204,2023-05-25 15:19:00,2022-01-26,2023-06-01,225.40941857725014
205,2022-04-09 11:11:00,2022-03-13,2022-04-14,294.73943483027506
206,2022-06-02 07:06:00,2020-06-19,2022-06-09,201.69034555340295
207,2024-07-02 21:02:00,2024-05-25,2024-07-11,13.838304954207302
208,2024-05-27 18:02:00,2023-08-29,2024-05-30,19.360029660214433
209,2022-12-04 16:39:00,2022-04-18,2022-12-12,89.74378224071914
210,2024-04-01 11:32:00,2024-01-07,2024-04-03,33.89463610988855
211,2024-08-14 06:54:00,2023-04-29,2024-08-21,77.71100624069162
212,2022-06-10 13:36:00,2022-02-05,2022-06-12,60.1773983137701
213,2024-03-11 21:42:00,2022-09-22,2024-03-15,95.66482203696515
214,2023-02-02 10:03:00,2022-09-11,2023-02-09,164.86496043646733
215,2024-03-26 11:45:00,2022-10-19,2024-03-29,150.83880779277118
216,2023-02-05 14:11:00,2022-07-09,2023-02-07,88.38523144833036
217,2023-10-02 16:45:00,2023-09-08,2023-10-09,207.38212714804476
218,2024-11-22 21:00:00,2023-04-23,2024-11-23,67.63590052106485
219,2023-11-19 18:54:00,2022-10-22,2023-11-27,272.4307494989455
220,2023-04-05 18:33:00,2023-01-29,2023-04-08,8.87379308814143
221,2024-08-12 09:27:00,2023-12-24,2024-08-14,371.2279555565989
222,2023-04-15 11:57:00,2022-12-28,2023-04-18,127.59859660652317
223,2024-11-11 10:24:00,2024-06-19,2024-11-16,57.37871806438179
224,2024-01-20 08:32:00,2023-10-02,2024-01-28,26.35110262858046
225,2022-02-07 09:24:00,2021-06-25,2022-02-14,78.28283844924596
226,2022-08-18 07:25:00,2022-04-30,2022-08-25,25.963738221076675
227,2023-07-17 10:34:00,2022-04-04,2023-07-24,21.830348027339113
228,2023-03-14 14:51:00,2023-02-09,2023-03-22,115.27669661752819
229,2022-01-27 11:49:00,2020-05-15,2022-01-28,88.84997082460187
230,2022-08-14 11:18:00,2021-08-11,2022-08-18,133.0744417016334
231,2024-03-08 17:56:00,2022-07-23,2024-03-14,318.4374606493321
232,2022-10-11 16:01:00,2021-04-06,2022-10-20,91.18117789252314
233,2024-05-28 20:43:00,2023-03-31,2024-05-30,104.36666497878787
234,2024-08-17 17:08:00,2022-12-14,2024-08-18,11.268017692535873
235,2023-03-29 07:21:00,2021-10-28,2023-03-31,151.7469002438894
236,2024-10-16 08:11:00,2022-11-25,2024-10-23,61.28011771021739
237,2024-03-26 21:20:00,2023-06-19,2024-03-29,451.24628518834743
238,2023-10-21 06:20:00,2022-12-06,2023-10-23,207.9107002757922
239,2023-07-01 08:51:00,2022-04-15,2023-07-08,88.69816969490363
240,2024-12-08 07:40:00,2024-01-29,2024-12-10,15.780264054428317
241,2022-01-17 20:17:00,2021-01-06,2022-01-20,235.43383603887128
242,2022-06-07 16:56:00,2021-08-23,2022-06-14,193.00127857291943
243,2023-04-22 21:21:00,2022-02-10,2023-04-26,24.486990209655417
244,2024-12-05 22:04:00,2023-02-13,2024-12-06,41.994274869783766
245,2023-06-02 17:10:00,2022-08-30,2023-06-07,189.24070251799344
246,2022-04-09 20:26:00,2020-04-30,2022-04-18,24.581700905463027
247,2024-11-26 08:32:00,2023-04-25,2024-12-04,299.76265839316744
248,2022-10-07 21:33:00,2021-05-23,2022-10-16,66.30764478127723
249,2023-05-12 07:34:00,2021-08-27,2023-05-21,10.927448956828666
250,2022-10-29 13:55:00,2021-06-01,2022-11-05,202.9745262820218
251,2022-06-30 20:38:00,2021-07-16,2022-07-04,56.11463526396404
252,2023-08-30 11:08:00,2022-06-11,2023-09-04,89.7121997357638
253,2023-12-01 06:07:00,2022-12-17,2023-12-02,14.29515899138362
254,2024-09-19 08:03:00,2023-01-22,2024-09-20,0.31048310085372827
255,2022-07-10 20:37:00,2020-09-15,2022-07-13,121.92842400205477
256,2022-09-10 20:20:00,2022-04-27,2022-09-18,86.87611550762799
257,2024-09-07 08:56:00,2024-01-09,2024-09-09,108.03194825850116
258,2024-07-16 19:51:00,2023-01-21,2024-07-20,189.4363725449945
259,2022-05-08 19:35:00,2022-03-30,2022-05-10,124.82057426181757
260,2022-01-18 17:16:00,2021-06-04,2022-01-23,23.051677871099002
261,2023-07-20 12:08:00,2022-01-19,2023-07-29,53.699387138850355
262,2023-07-24 08:12:00,2022-12-14,2023-07-25,283.5963249004945
263,2023-11-17 20:17:00,2023-11-12,2023-11-22,176.33226783241636
264,2023-09-18 06:05:00,2022-11-01,2023-09-27,97.60398744667982
265,2024-05-03 07:55:00,2023-01-22,2024-05-04,35.428464536208956
266,2024-08-19 19:37:00,2024-06-06,2024-08-28,43.154743058760495
267,2022-06-04 19:35:00,2022-06-01,2022-06-12,157.99342157733895
268,2023-05-05 13:34:00,2021-07-29,2023-05-09,228.59750320825893
269,2024-02-24 19:58:00,2023-10-30,2024-02-29,133.55869810189347
270,2022-09-03 22:24:00,2021-01-06,2022-09-08,198.9912539894234
271,2024-11-28 13:23:00,2023-07-14,2024-12-04,174.62905185239833
272,2024-01-29 19:25:00,2022-07-05,2024-02-05,19.46048605667057
273,2023-06-22 11:22:00,2022-04-08,2023-06-30,66.18621743536944
274,2024-07-09 21:56:00,2023-12-29,2024-07-17,19.924255099558174
275,2023-02-12 19:50:00,2021-02-28,2023-02-14,32.18249358872291
276,2023-06-09 08:41:00,2022-05-14,2023-06-18,244.14501478133408
277,2024-04-07 14:27:00,2024-03-13,2024-04-14,76.84197031819697
278,2024-06-21 18:06:00,2023-04-14,2024-06-25,91.97859378870707
279,2022-02-05 19:08:00,2021-08-17,2022-02-09,23.58690815108768
280,2023-11-16 20:51:00,2023-01-21,2023-11-24,44.92338683501123
281,2022-01-20 19:55:00,2020-04-16,2022-01-24,31.402141740730013
282,2022-11-17 11:52:00,2021-12-27,2022-11-23,27.708757122601554
283,2023-05-27 09:39:00,2022-04-13,2023-06-01,121.92033207168268
284,2023-02-04 22:29:00,2022-10-10,2023-02-07,35.62835011286971
285,2023-10-16 14:32:00,2021-10-23,2023-10-18,119.96573079310615
286,2024-08-29 19:10:00,2024-01-18,2024-09-07,7.227927132951467
287,2023-04-16 08:40:00,2021-11-01,2023-04-25,18.346592334113016
288,2024-04-13 19:29:00,2023-12-23,2024-04-14,38.51396312290099
289,2023-12-28 14:03:00,2023-08-11,2023-12-31,109.07221714904306
290,2024-05-03 09:27:00,2022-10-23,2024-05-11,135.1826278673632
291,2022-02-20 13:01:00,2022-02-20,2022-02-26,70.16184353726105
292,2023-07-29 14:45:00,2023-05-01,2023-08-03,70.82559035110424
293,2022-05-30 14:55:00,2020-08-15,2022-06-04,154.70745826332904
294,2022-11-10 21:28:00,2021-12-26,2022-11-16,1.9137097374297392
295,2023-07-24 22:47:00,2022-01-21,2023-07-31,50.060203381342916
296,2022-11-01 17:34:00,2022-06-16,2022-11-02,204.9169304485471
297,2023-11-13 16:45:00,2022-06-21,2023-11-22,110.92461859635192
298,2024-04-17 10:47:00,2023-08-03,2024-04-20,49.35875169994345
299,2024-12-13 10:02:00,2023-02-10,2024-12-17,283.13013979174684
300,2024-09-29 17:32:00,2022-11-10,2024-09-30,177.73735769624486
301,2023-03-20 14:08:00,2023-03-11,2023-03-23,36.92910494738109
302,2023-09-05 09:34:00,2022-12-19,2023-09-07,124.37451200554085
303,2024-09-19 22:33:00,2022-12-10,2024-09-21,108.68682982317233
304,2022-09-21 06:07:00,2022-04-03,2022-09-22,61.53689316056606
305,2024-12-12 18:22:00,2024-11-30,2024-12-20,54.86585689230042
306,2024-09-30 20:39:00,2024-04-16,2024-10-03,50.510964771517244
307,2022-01-05 17:53:00,2020-04-04,2022-01-08,115.21525412437049
308,2024-02-13 17:45:00,2022-06-28,2024-02-19,70.09574877382639
309,2024-05-26 20:14:00,2023-07-11,2024-06-03,213.95721951300163
310,2024-09-18 14:18:00,2023-11-05,2024-09-27,132.8950986537193
311,2024-06-02 13:20:00,2022-09-29,2024-06-11,8.699658394921642
312,2022-02-16 11:19:00,2021-03-25,2022-02-20,122.65423741881692
313,2024-05-16 09:54:00,2022-11-14,2024-05-21,37.9540574740738
314,2024-04-02 12:27:00,2023-02-09,2024-04-04,107.81763158761211
315,2024-07-24 09:21:00,2022-11-27,2024-08-02,136.78159834792243
316,2023-10-18 17:44:00,2023-07-16,2023-10-26,31.493065608677554
317,2022-09-26 08:21:00,2021-02-23,2022-09-29,73.24628045067602
318,2023-01-05 17:01:00,2022-02-22,2023-01-14,25.334661236704775
319,2023-09-28 07:26:00,2023-02-05,2023-10-01,6.450996545086472
320,2023-10-19 14:00:00,2022-11-20,2023-10-28,57.06977206716798
321,2022-04-30 13:22:00,2021-04-20,2022-05-02,54.107777029017456
322,2024-04-10 11:05:00,2023-01-08,2024-04-19,647.922222470412
323,2024-12-17 22:11:00,2024-08-03,2024-12-25,70.94721690828595
324,2024-01-11 11:25:00,2022-06-03,2024-01-20,48.698339412494306
325,2022-04-27 13:18:00,2020-10-28,2022-05-02,104.23586113261211
326,2024-03-01 15:00:00,2022-10-06,2024-03-03,11.154850083067068
327,2024-10-09 18:48:00,2023-12-19,2024-10-17,391.3693392170498
328,2024-12-17 08:39:00,2024-02-02,2024-12-23,120.9298160707501
329,2023-09-26 19:34:00,2022-03-04,2023-10-04,168.70023936129587
330,2023-05-28 21:44:00,2022-06-14,2023-06-02,22.42866878039494
331,2024-03-12 22:12:00,2023-07-28,2024-03-14,63.20977662636431
332,2023-07-14 11:48:00,2022-10-18,2023-07-20,65.924923116025
333,2023-05-03 19:48:00,2022-07-17,2023-05-08,206.9861910792418
334,2024-06-15 13:42:00,2022-06-22,2024-06-20,0.14849340946298706
335,2023-12-05 06:25:00,2023-06-24,2023-12-06,42.94732960900889
336,2023-08-04 12:20:00,2023-07-31,2023-08-06,477.1002106618048
337,2024-02-29 22:41:00,2023-02-16,2024-03-08,77.29691185574352
338,2024-05-10 16:53:00,2024-02-23,2024-05-13,57.8542524582333
339,2022-09-04 14:08:00,2021-07-22,2022-09-07,15.316688939728042
340,2022-06-03 10:48:00,2020-11-07,2022-06-11,438.72128911007866
341,2024-09-23 14:16:00,2024-05-15,2024-10-01,2.427552177723111
342,2023-11-28 12:54:00,2022-04-07,2023-11-30,160.35440974725626
343,2024-12-28 14:38:00,2024-11-17,2025-01-05,175.63279447347867
344,2024-12-06 18:10:00,2024-09-09,2024-12-07,33.511191190176355
345,2024-10-05 19:18:00,2023-08-31,2024-10-11,133.60756409128803
346,2022-04-04 16:12:00,2021-06-13,2022-04-12,11.704165326915048
347,2024-08-15 19:44:00,2023-10-26,2024-08-18,35.65474223321975
348,2024-10-08 06:39:00,2023-02-01,2024-10-16,186.08481501248298
349,2023-03-29 17:18:00,2021-10-20,2023-03-30,240.019043348066
350,2024-06-30 17:07:00,2022-08-10,2024-07-09,112.52820699644192
351,2022-08-06 13:52:00,2020-11-08,2022-08-15,84.83021209527935
352,2023-04-19 18:11:00,2022-02-22,2023-04-24,20.823021998172095
353,2023-03-08 21:32:00,2023-02-14,2023-03-12,7.822604103171794
354,2022-12-07 18:25:00,2021-05-12,2022-12-13,15.019845027183678
355,2023-07-05 12:27:00,2023-02-13,2023-07-12,30.95262749700797
356,2022-12-23 10:07:00,2021-02-27,2022-12-28,50.16669504017103
357,2022-01-23 19:22:00,2021-09-01,2022-02-01,57.54046255647866
358,2023-06-06 18:46:00,2022-10-25,2023-06-09,51.01680593972542
359,2024-03-12 22:46:00,2022-10-27,2024-03-19,32.7833560338961
360,2024-02-01 07:03:00,2022-05-27,2024-02-06,85.53447413246828
361,2023-03-18 06:35:00,2022-12-05,2023-03-25,209.3526656593076
362,2024-02-08 10:18:00,2024-01-01,2024-02-10,39.371087951488036
363,2024-10-12 20:27:00,2024-03-29,2024-10-16,342.48088486346654
364,2023-05-31 13:19:00,2021-08-24,2023-06-02,247.94671104507304
365,2024-11-05 22:32:00,2023-04-07,2024-11-12,21.17470168509915
366,2024-03-02 17:57:00,2023-02-06,2024-03-04,185.16835363920222
367,2022-12-02 20:40:00,2022-06-07,2022-12-03,102.56348590893494
368,2022-09-15 12:01:00,2021-03-11,2022-09-24,100.32448124567631
369,2023-05-12 14:09:00,2022-02-19,2023-05-13,59.520867866880295
370,2024-06-14 07:50:00,2023-02-01,2024-06-22,83.45470101993065
371,2022-06-09 16:12:00,2022-05-26,2022-06-11,60.736152743512584
372,2024-05-01 15:13:00,2022-08-18,2024-05-09,93.11372337622633
373,2023-11-21 14:56:00,2022-01-22,2023-11-24,118.64726003780835
374,2023-01-15 12:27:00,2022-04-02,2023-01-21,134.61483043492706
375,2024-08-14 08:19:00,2023-04-25,2024-08-17,91.23788414918204
376,2023-11-22 11:26:00,2023-04-06,2023-11-29,153.36689144418153
377,2024-12-02 07:28:00,2023-10-10,2024-12-11,18.277211866898355
378,2022-10-12 11:02:00,2022-05-09,2022-10-14,28.588196364468132
379,2023-02-01 21:29:00,2021-08-01,2023-02-06,204.9354303033409
380,2022-01-12 13:01:00,2020-10-29,2022-01-18,46.72644273542862
381,2023-05-14 22:40:00,2023-02-07,2023-05-18,2.779194996689332
382,2024-01-24 17:34:00,2022-12-10,2024-01-28,20.0386898205737
383,2022-02-04 16:00:00,2021-04-22,2022-02-08,30.372722331823574
384,2023-12-28 18:14:00,2023-04-19,2023-12-30,378.4911022466774
385,2024-04-28 10:20:00,2023-10-16,2024-05-02,102.12819524613978
386,2022-03-31 22:30:00,2020-08-11,2022-04-01,323.88622974371043
387,2024-02-15 11:27:00,2022-09-12,2024-02-21,102.72606456604787
388,2023-08-28 16:17:00,2022-03-30,2023-08-29,78.32229313309813
389,2024-08-27 09:34:00,2022-12-02,2024-09-02,45.1776934090314
390,2024-10-18 18:54:00,2024-06-23,2024-10-19,111.88155557897377
391,2023-02-22 14:52:00,2022-09-17,2023-02-28,17.98689537067288
392,2022-04-25 11:57:00,2021-09-10,2022-05-03,274.24208812033123
393,2023-09-09 17:33:00,2023-02-06,2023-09-11,212.1645004800285
394,2024-04-05 08:02:00,2022-05-11,2024-04-07,45.84465965516331
395,2023-02-17 17:14:00,2023-02-03,2023-02-21,366.39708077207655
396,2023-12-30 14:22:00,2023-07-27,2024-01-02,209.29406472235019
397,2024-10-17 13:10:00,2023-01-09,2024-10-21,131.7040233893449
398,2024-01-31 21:31:00,2023-05-16,2024-02-07,15.5805060322036
399,2023-11-07 09:32:00,2023-06-04,2023-11-08,78.06433339685121
400,2023-04-02 12:33:00,2023-02-15,2023-04-08,84.65250094332151
401,2024-07-08 10:06:00,2023-08-20,2024-07-11,31.76204618361202
402,2022-07-11 09:36:00,2020-08-26,2022-07-18,10.001279378355024
403,2024-01-09 06:00:00,2023-09-02,2024-01-11,179.9213939535097
404,2024-09-04 20:19:00,2023-07-22,2024-09-06,15.617833060426218
405,2024-10-05 15:17:00,2024-07-03,2024-10-09,108.25422123788783
406,2022-04-06 08:42:00,2020-07-19,2022-04-07,330.7098338353004
407,2023-10-25 20:30:00,2023-01-07,2023-10-28,250.59868809767914
408,2022-02-06 16:48:00,2021-04-30,2022-02-15,39.04650868635147
409,2022-10-06 22:37:00,2022-07-30,2022-10-13,228.81894065576682
410,2022-08-05 10:07:00,2020-10-15,2022-08-12,0.039907369548784676
411,2024-05-16 07:47:00,2024-05-06,2024-05-20,2.141533000054336
412,2024-05-22 17:37:00,2023-09-12,2024-05-24,110.72329192189453
413,2022-03-03 06:30:00,2020-08-31,2022-03-07,54.45750785272382
414,2023-08-19 09:48:00,2023-04-08,2023-08-25,58.621342593201796
415,2023-12-30 18:49:00,2022-01-18,2024-01-02,99.73502683098472
416,2023-02-01 10:29:00,2023-01-10,2023-02-02,25.550882228428435
417,2023-11-30 08:10:00,2022-12-20,2023-12-08,28.55361223332716
418,2024-11-08 18:03:00,2024-01-12,2024-11-13,79.53780719604374
419,2022-06-26 19:53:00,2021-06-29,2022-07-01,168.4145931141386
420,2023-01-31 16:26:00,2022-01-01,2023-02-04,115.95158305501896
421,2023-03-21 15:50:00,2022-08-16,2023-03-27,42.34842744352589
422,2022-03-17 11:58:00,2021-10-28,2022-03-20,67.52527592056656
423,2022-09-22 20:52:00,2021-01-15,2022-10-01,22.455697561207142
424,2023-03-31 15:36:00,2022-09-03,2023-04-05,9.307370497438944
425,2023-12-19 10:41:00,2022-04-06,2023-12-22,183.17498059875953
426,2024-01-05 10:34:00,2022-04-30,2024-01-06,37.0094407271443
427,2024-04-30 11:03:00,2022-06-18,2024-05-06,23.48768695304341
428,2022-05-24 14:48:00,2021-02-19,2022-05-26,141.169942194175
429,2024-06-03 18:58:00,2023-06-14,2024-06-06,115.49639430346613
430,2024-12-28 20:51:00,2024-02-09,2024-12-29,120.3492307912471
431,2023-01-31 22:44:00,2022-09-21,2023-02-09,31.191625856432562
432,2024-11-14 21:21:00,2024-07-11,2024-11-22,31.77677331527819
433,2024-08-05 09:04:00,2024-04-22,2024-08-07,29.938908196929205
434,2024-06-09 10:40:00,2022-10-15,2024-06-17,22.903323518238903
435,2023-07-23 22:12:00,2022-07-11,2023-08-01,127.95727999516136
436,2024-11-28 07:44:00,2024-10-09,2024-11-29,226.07751261803654
437,2022-04-19 08:41:00,2022-03-22,2022-04-24,154.62063933176879
438,2024-12-01 07:31:00,2023-08-28,2024-12-09,188.48009555335125
439,2024-07-23 18:50:00,2023-10-02,2024-07-25,62.26261873931496
440,2023-02-02 22:20:00,2022-04-12,2023-02-06,127.3842707628873
441,2023-09-26 19:43:00,2021-10-01,2023-10-03,52.478584723923106
442,2024-01-03 17:10:00,2022-11-23,2024-01-06,89.46040820319277
443,2022-08-23 12:03:00,2020-12-19,2022-08-28,78.84904267192206
444,2023-10-20 06:27:00,2022-09-11,2023-10-28,23.359435381661598
445,2024-01-21 08:12:00,2023-02-10,2024-01-24,58.74226016631294
446,2023-08-11 20:33:00,2021-11-28,2023-08-15,398.3174033242874
447,2024-10-29 16:35:00,2023-09-06,2024-11-07,34.29490466225806
448,2024-08-11 22:34:00,2024-02-12,2024-08-18,17.23725163502868
449,2023-05-07 13:21:00,2023-05-07,2023-05-08,65.07395530471496
450,2024-07-01 10:38:00,2022-12-13,2024-07-05,187.47087706961
451,2022-06-19 13:27:00,2021-06-14,2022-06-23,104.71542312566989
452,2024-08-03 10:16:00,2022-10-13,2024-08-12,137.0982321398139
453,2024-03-05 10:35:00,2022-12-31,2024-03-11,25.241324593473493
454,2023-09-26 07:10:00,2022-11-22,2023-10-05,115.77839240900362
455,2022-01-29 18:46:00,2021-09-15,2022-02-04,46.89880981539151
456,2022-12-05 17:53:00,2022-05-18,2022-12-11,215.71160019637458
457,2023-05-15 16:38:00,2022-03-06,2023-05-20,119.08307375114762
458,2023-05-26 10:16:00,2022-07-18,2023-05-31,26.605790341666076
459,2022-08-05 14:45:00,2022-04-11,2022-08-07,8.015863875145358
460,2024-12-29 17:05:00,2023-03-05,2025-01-06,5.228242749178368
461,2023-03-21 22:50:00,2021-08-24,2023-03-29,55.712854133342255
462,2024-05-25 21:43:00,2023-09-25,2024-05-26,37.085215180001555
463,2022-06-16 17:51:00,2020-12-27,2022-06-24,124.64555811758106
464,2022-04-01 11:54:00,2020-08-08,2022-04-06,83.01788847375587
465,2023-12-15 09:37:00,2023-10-02,2023-12-17,37.11270180300509
466,2022-02-08 16:32:00,2021-01-19,2022-02-10,19.394711939788003
467,2022-06-22 20:26:00,2021-11-25,2022-06-28,16.325828707840852
468,2023-10-15 16:56:00,2022-06-28,2023-10-24,239.99616547545804
469,2024-01-24 22:50:00,2022-12-03,2024-01-25,33.48283477409684
470,2024-12-17 19:26:00,2024-01-06,2024-12-23,126.56660078020914
471,2023-04-21 20:46:00,2021-11-09,2023-04-30,199.72174637112096
472,2023-04-01 09:06:00,2021-07-01,2023-04-09,114.25542989339368
473,2024-04-08 18:34:00,2023-10-13,2024-04-14,235.56146162464185
474,2024-06-13 21:08:00,2023-12-15,2024-06-16,59.78738100987575
475,2024-10-21 13:51:00,2022-12-28,2024-10-29,375.4353870964519
476,2023-01-22 18:16:00,2022-12-29,2023-01-31,17.146027725131503
477,2022-12-14 22:48:00,2022-06-18,2022-12-15,12.930208636824311
478,2022-07-09 06:31:00,2020-07-30,2022-07-18,128.99644943149755
479,2023-05-20 13:18:00,2022-01-05,2023-05-26,343.40951509849833
480,2024-04-03 11:02:00,2023-10-26,2024-04-09,198.58462661994272
481,2024-07-17 10:12:00,2024-01-23,2024-07-21,9.539334685879941
482,2024-07-22 20:45:00,2023-10-12,2024-07-23,39.3151532701813
483,2022-05-14 21:49:00,2022-03-13,2022-05-22,319.659113101962
484,2022-02-27 16:02:00,2020-05-07,2022-03-01,35.012198424377296
485,2023-11-16 15:41:00,2022-01-20,2023-11-17,182.33544515053572
486,2023-11-03 21:11:00,2023-06-01,2023-11-05,209.24699949934313
487,2022-06-22 07:40:00,2021-03-11,2022-06-23,82.09110060773962
488,2024-03-25 08:55:00,2024-02-06,2024-03-26,58.59945233234277
489,2022-03-21 20:34:00,2021-12-28,2022-03-30,71.76759205381462
490,2024-06-04 13:25:00,2023-06-10,2024-06-05,30.891666949555617
491,2022-07-22 22:39:00,2020-09-02,2022-07-26,264.2103672739212
492,2024-02-03 12:29:00,2023-09-09,2024-02-09,71.8757141400979
493,2022-02-16 12:02:00,2020-05-28,2022-02-23,256.9166180824557
494,2023-10-18 06:35:00,2022-11-11,2023-10-20,13.40480387200973
495,2023-04-16 10:00:00,2021-12-27,2023-04-22,533.5266093521403
496,2024-08-28 20:36:00,2024-06-27,2024-09-04,70.28165303355412
497,2024-11-01 18:39:00,2022-12-02,2024-11-03,5.881506037104886
498,2024-01-06 13:04:00,2023-01-12,2024-01-08,4.651624780785709
499,2024-02-23 14:00:00,2022-08-12,2024-03-01,164.54847832677774
500,2024-08-25 09:34:00,2023-10-04,2024-08-26,129.11724156051918
